{
    "AnatomicalLandmarkCoordinates": {
        "LPA": [
            202.79118492634535,
            163.8220968212548,
            133.38129057022323
        ],
        "NAS": [
            128.84306910115038,
            114.1396787833389,
            217.15968911059838
        ],
        "RPA": [
            54.270525713210034,
            154.5963239271215,
            131.5973071155185
        ]
    }
}
