{
    "AnatomicalLandmarkCoordinates": {
        "LPA": [
            203.9099028883976,
            173.22261525391747,
            138.1660122334456
        ],
        "NAS": [
            118.64674094641258,
            138.5978459261376,
            233.03771658839267
        ],
        "RPA": [
            40.70268843768838,
            156.7112971852108,
            129.96520469185083
        ]
    }
}
