{
    "AnatomicalLandmarkCoordinates": {
        "LPA": [
            188.09548863263757,
            160.96928731120744,
            145.71744204875745
        ],
        "NAS": [
            117.94393402955919,
            121.78240907593114,
            219.1179764582862
        ],
        "RPA": [
            58.245667802260186,
            156.65191256421608,
            132.62840867318127
        ]
    }
}
