{
    "AnatomicalLandmarkCoordinates": {
        "LPA": [
            199.69514741816482,
            156.9910009226819,
            144.70521444132885
        ],
        "NAS": [
            119.31199997710848,
            135.20601572827618,
            228.0956574412853
        ],
        "RPA": [
            51.28355956297038,
            155.1685636246015,
            132.43423940252202
        ]
    }
}
