{
    "AnatomicalLandmarkCoordinates": {
        "LPA": [
            209.27879687744561,
            163.90062580086146,
            138.5492158591074
        ],
        "NAS": [
            122.35675864931922,
            137.38347897299073,
            230.1087373557644
        ],
        "RPA": [
            53.23030746249542,
            170.01419291300752,
            124.228328051512
        ]
    }
}
