{
    "AnatomicalLandmarkCoordinates": {
        "LPA": [
            210.24251907635357,
            158.36342514266335,
            144.5568481886252
        ],
        "NAS": [
            134.14565412710044,
            123.27585910635267,
            227.90554591751322
        ],
        "RPA": [
            60.45375137458278,
            171.80818206913162,
            143.74037319943182
        ]
    }
}
