{
    "AnatomicalLandmarkCoordinates": {
        "LPA": [
            207.13398703393275,
            162.69305432556345,
            131.04688140463296
        ],
        "NAS": [
            126.98459506976701,
            123.4116596286664,
            223.1079274353205
        ],
        "RPA": [
            56.867263734197905,
            164.5522378047479,
            123.5253262889523
        ]
    }
}
