{
    "AnatomicalLandmarkCoordinates": {
        "LPA": [
            202.3392881310985,
            165.440787374634,
            139.33142794810314
        ],
        "NAS": [
            121.3724400620296,
            128.98252150102746,
            226.8858231357446
        ],
        "RPA": [
            55.17100975033203,
            167.37201515930516,
            126.798169313045
        ]
    }
}
