{
    "AnatomicalLandmarkCoordinates": {
        "LPA": [
            199.7726464778485,
            154.24577980724337,
            141.98063265111347
        ],
        "NAS": [
            125.18232423697798,
            124.06434377932008,
            221.62931335011046
        ],
        "RPA": [
            55.84150926343631,
            155.11658143575394,
            134.11791719764
        ]
    }
}
