{
    "AnatomicalLandmarkCoordinates": {
        "LPA": [
            199.53798560486393,
            171.16298981872316,
            137.92837605987853
        ],
        "NAS": [
            131.1747962933365,
            127.41016245870051,
            229.01277730337458
        ],
        "RPA": [
            57.37725216431126,
            171.97899809736936,
            140.22733901814917
        ]
    }
}
