{
    "AnatomicalLandmarkCoordinates": {
        "LPA": [
            199.5482128905657,
            168.6267282430647,
            140.9704529114067
        ],
        "NAS": [
            134.3454305363623,
            124.09576343735218,
            218.41409332200075
        ],
        "RPA": [
            69.06008301905369,
            171.53644675705792,
            142.35568017600423
        ]
    }
}
