{
    "AnatomicalLandmarkCoordinates": {
        "LPA": [
            198.69931457302746,
            162.6239225583536,
            129.1964930053692
        ],
        "NAS": [
            125.73050430734426,
            132.36595970210445,
            217.66339159431348
        ],
        "RPA": [
            54.2224439829173,
            166.65829032272916,
            126.76689828289588
        ]
    }
}
