onset	duration	trial_type	value	sample
0.03916666666666667	0.0	blink	1	47
4.0725	0.0	eyemoveHoriz	3	4887
8.121666666666666	0.0	eyemoveVert	4	9746
12.155	0.0	jawclench	5	14586
16.188333333333333	0.0	swallow	6	19426
20.221666666666668	0.0	breath	2	24266
