{
    "AnatomicalLandmarkCoordinates": {
        "LPA": [
            202.06405164484636,
            164.8457556937343,
            132.54075029495328
        ],
        "NAS": [
            134.2058503468056,
            128.2798401394439,
            218.44150427468946
        ],
        "RPA": [
            53.51093777678345,
            168.0573328153705,
            138.1007844556192
        ]
    }
}
