{
    "AnatomicalLandmarkCoordinates": {
        "LPA": [
            195.95695743334642,
            160.0328174813787,
            137.96611560295605
        ],
        "NAS": [
            118.45535024642618,
            125.25588740004403,
            227.80931450727212
        ],
        "RPA": [
            54.79750522735797,
            155.90712512511342,
            126.80901720195168
        ]
    }
}
