{
    "AnatomicalLandmarkCoordinates": {
        "LPA": [
            203.11904849938009,
            172.11953200328483,
            144.81587206777684
        ],
        "NAS": [
            123.01376248249271,
            118.47264776378711,
            223.637386523129
        ],
        "RPA": [
            54.65912234418536,
            165.87569862157252,
            139.2995574961198
        ]
    }
}
