{
    "AnatomicalLandmarkCoordinates": {
        "LPA": [
            198.60415076664586,
            170.65168235671118,
            144.91047854230592
        ],
        "NAS": [
            122.8450512373622,
            137.76230945729003,
            217.64238538014388
        ],
        "RPA": [
            61.79093698218506,
            174.93193877612848,
            131.68067614635976
        ]
    }
}
