{
    "AnatomicalLandmarkCoordinates": {
        "LPA": [
            197.9401534341885,
            160.5482114177854,
            149.2394789140618
        ],
        "NAS": [
            121.22372534249551,
            114.04132888821802,
            216.80378125491455
        ],
        "RPA": [
            60.59059226970113,
            156.9569540933018,
            131.7992285575597
        ]
    }
}
