{
    "AnatomicalLandmarkCoordinates": {
        "LPA": [
            205.33552968426386,
            164.77604143463182,
            143.20958512219073
        ],
        "NAS": [
            121.52241353532423,
            133.5139479920123,
            224.88242007518525
        ],
        "RPA": [
            51.04873821801684,
            173.3413642516458,
            130.73960702028344
        ]
    }
}
