onset	duration	trial_type	value	sample
0.07583333333333334	0.0	blink	1	91
4.099166666666667	0.0	eyemoveHoriz	3	4919
8.149166666666666	0.0	eyemoveVert	4	9779
12.1825	0.0	jawclench	5	14619
16.215833333333332	0.0	swallow	6	19459
20.2325	0.0	breath	2	24279
