{
    "AnatomicalLandmarkCoordinates": {
        "LPA": [
            197.3912436706657,
            171.75151829230862,
            125.47488259314355
        ],
        "NAS": [
            126.30116266047827,
            134.72502131246793,
            218.05202125901636
        ],
        "RPA": [
            51.17822765978606,
            162.51547575293955,
            126.1375196984116
        ]
    }
}
