{
    "AnatomicalLandmarkCoordinates": {
        "LPA": [
            199.95297846296688,
            152.46950076544002,
            147.72678960935693
        ],
        "NAS": [
            119.58257127039373,
            124.55785385321772,
            230.79981572793645
        ],
        "RPA": [
            48.156905090115586,
            149.41484683808312,
            131.8387049385652
        ]
    }
}
