{
    "AnatomicalLandmarkCoordinates": {
        "LPA": [
            192.0959831430236,
            174.9415380033028,
            141.38448570348257
        ],
        "NAS": [
            125.04266197935651,
            139.46084239379365,
            226.7619687125363
        ],
        "RPA": [
            54.46219683679921,
            170.54991534266517,
            142.05709745432347
        ]
    }
}
