{
    "AnatomicalLandmarkCoordinates": {
        "LPA": [
            206.27187777027888,
            175.10611261294622,
            148.07750278539868
        ],
        "NAS": [
            124.12366456662642,
            131.16029405616828,
            231.92277224868815
        ],
        "RPA": [
            51.032578939449195,
            171.6419683995114,
            139.09663344668084
        ]
    }
}
