{
    "AnatomicalLandmarkCoordinates": {
        "LPA": [
            198.9452279801385,
            167.94046260701919,
            153.98955487081037
        ],
        "NAS": [
            119.93090285368956,
            123.37087325878342,
            236.52975588925096
        ],
        "RPA": [
            56.592649012336395,
            173.65616112431178,
            142.37429973122377
        ]
    }
}
