{
    "AnatomicalLandmarkCoordinates": {
        "LPA": [
            197.4075477890197,
            179.94897954464227,
            141.89337964676275
        ],
        "NAS": [
            126.09992511058874,
            132.90736587306372,
            222.71931211658952
        ],
        "RPA": [
            55.73350328207363,
            170.61008002886672,
            141.03047350932457
        ]
    }
}
