{
    "AnatomicalLandmarkCoordinates": {
        "LPA": [
            199.39117115878554,
            152.00893182763002,
            138.25554003417733
        ],
        "NAS": [
            125.08422267141421,
            109.29878119702279,
            212.5784982093893
        ],
        "RPA": [
            53.61230174189379,
            150.4529506808728,
            134.6395996803069
        ]
    }
}
