{
    "AnatomicalLandmarkCoordinates": {
        "LPA": [
            196.71210529394247,
            153.58960825075417,
            126.65471370230786
        ],
        "NAS": [
            130.79407734107258,
            132.0007117824338,
            218.9264042742144
        ],
        "RPA": [
            61.67192240289167,
            153.42168954912552,
            130.06518614608277
        ]
    }
}
