{
    "AnatomicalLandmarkCoordinates": {
        "LPA": [
            203.27107472325162,
            164.65968668683544,
            138.588418973175
        ],
        "NAS": [
            131.0206948965669,
            145.25262691351338,
            227.53527998229458
        ],
        "RPA": [
            65.85337780135964,
            169.69191794587402,
            133.57506334217024
        ]
    }
}
