onset	duration	trial_type	value	sample
0.043333333333333335	0.0	blink	1	52
4.076666666666667	0.0	eyemoveHoriz	3	4892
8.11	0.0	eyemoveVert	4	9732
12.125833333333333	0.0	jawclench	5	14551
16.159166666666668	0.0	swallow	6	19391
20.175833333333333	0.0	breath	2	24211
