{
    "AnatomicalLandmarkCoordinates": {
        "LPA": [
            205.88076668886347,
            167.03241358825107,
            147.72220293587952
        ],
        "NAS": [
            128.45640751914095,
            142.7057995896266,
            228.30528539661356
        ],
        "RPA": [
            56.08595699993778,
            169.87308663159848,
            138.9026280379907
        ]
    }
}
