{
    "AnatomicalLandmarkCoordinates": {
        "LPA": [
            206.21871962801146,
            170.77285805329697,
            138.25739636028803
        ],
        "NAS": [
            134.58413358269513,
            129.3628189732027,
            223.51595450776506
        ],
        "RPA": [
            60.567241652535344,
            171.2772607682143,
            138.88075580180754
        ]
    }
}
