{
    "AnatomicalLandmarkCoordinates": {
        "LPA": [
            196.58842340292927,
            152.81739308981975,
            144.63364339934148
        ],
        "NAS": [
            125.86560982151275,
            123.95742550539902,
            220.31789739144727
        ],
        "RPA": [
            60.39737383881793,
            159.58436029890854,
            139.242309774073
        ]
    }
}
