{
    "AnatomicalLandmarkCoordinates": {
        "LPA": [
            193.89895941361215,
            159.51269838495222,
            143.38186463123046
        ],
        "NAS": [
            117.04429345718843,
            134.89290790772242,
            225.54051471544597
        ],
        "RPA": [
            62.47460329369859,
            165.3464249204556,
            127.92336224606896
        ]
    }
}
