{
    "AnatomicalLandmarkCoordinates": {
        "LPA": [
            207.8974162744097,
            160.89146267750888,
            121.16646418437996
        ],
        "NAS": [
            137.92924181522528,
            143.70288926094622,
            224.9305923231803
        ],
        "RPA": [
            56.714566668383,
            166.83001978393455,
            124.63497038654904
        ]
    }
}
