{
    "AnatomicalLandmarkCoordinates": {
        "LPA": [
            196.12902614400087,
            151.77055400902867,
            135.23395661355252
        ],
        "NAS": [
            128.0224607952557,
            134.44752937860522,
            215.46666058325314
        ],
        "RPA": [
            58.24507061108197,
            147.26524147732752,
            130.98631229813097
        ]
    }
}
