{
    "AnatomicalLandmarkCoordinates": {
        "LPA": [
            198.65314434329878,
            147.36867744618368,
            146.60923882483885
        ],
        "NAS": [
            120.09381394105591,
            132.66346738674605,
            226.58750360639672
        ],
        "RPA": [
            56.902219140214,
            161.8581615091976,
            135.82298246120843
        ]
    }
}
