{
    "AnatomicalLandmarkCoordinates": {
        "LPA": [
            199.18707935455762,
            152.2069239868133,
            133.6607284539104
        ],
        "NAS": [
            122.54753641954595,
            131.93718714199252,
            214.279431060717
        ],
        "RPA": [
            64.03855765916998,
            164.57890205106634,
            121.03126168570667
        ]
    }
}
