{
    "AnatomicalLandmarkCoordinates": {
        "LPA": [
            198.36800362731407,
            166.29836252977935,
            138.45972976032002
        ],
        "NAS": [
            126.42524192604253,
            136.36421796859887,
            221.658439264861
        ],
        "RPA": [
            62.44117036853336,
            171.04126354106558,
            129.40847601404442
        ]
    }
}
