onset	duration	trial_type	value	sample
0.04083333333333333	0.0	blink	1	49
4.074166666666667	0.0	eyemoveHoriz	3	4889
8.1075	0.0	eyemoveVert	4	9729
12.140833333333333	0.0	jawclench	5	14569
16.173333333333332	0.0	swallow	6	19408
20.19	0.0	breath	2	24228
