{
    "AnatomicalLandmarkCoordinates": {
        "LPA": [
            191.13929041396642,
            159.5687293540046,
            125.86751974047888
        ],
        "NAS": [
            136.5947061522132,
            113.29574520935063,
            213.12103322665047
        ],
        "RPA": [
            64.15874558381118,
            155.89291761242765,
            138.8129514274969
        ]
    }
}
