{
    "AnatomicalLandmarkCoordinates": {
        "LPA": [
            192.44937870746756,
            158.13650226695478,
            128.5032940740112
        ],
        "NAS": [
            134.35406805909875,
            133.52305837771428,
            214.73944159234935
        ],
        "RPA": [
            59.86671286411564,
            158.76531085845636,
            134.5149208768165
        ]
    }
}
