{
    "AnatomicalLandmarkCoordinates": {
        "LPA": [
            200.73804682194663,
            157.3446545087007,
            137.60711661284202
        ],
        "NAS": [
            125.75397543571448,
            137.39430295764075,
            229.3929833700624
        ],
        "RPA": [
            49.068197186600784,
            153.7095429985385,
            130.29822859820945
        ]
    }
}
