{
    "AnatomicalLandmarkCoordinates": {
        "LPA": [
            204.13351358495387,
            162.7414775097294,
            127.79649315629848
        ],
        "NAS": [
            133.82609024470295,
            129.94381434901658,
            223.6005996621331
        ],
        "RPA": [
            53.97758103076771,
            164.21878542034273,
            130.02171224569884
        ]
    }
}
