{
    "AnatomicalLandmarkCoordinates": {
        "LPA": [
            190.92889132987258,
            166.08179648988377,
            140.3061832266773
        ],
        "NAS": [
            120.95813918938228,
            144.86615226426565,
            227.5964095041197
        ],
        "RPA": [
            61.94281979381701,
            163.021475316105,
            132.06532560668458
        ]
    }
}
