{
    "AnatomicalLandmarkCoordinates": {
        "LPA": [
            210.7762495683857,
            194.47826090108316,
            147.05043628015244
        ],
        "NAS": [
            127.55069103369047,
            152.72845628349697,
            224.95123736065224
        ],
        "RPA": [
            45.31343865833807,
            186.353275484091,
            143.1649919299787
        ]
    }
}
