{
    "AnatomicalLandmarkCoordinates": {
        "LPA": [
            201.6165587323202,
            160.28951494626176,
            143.64805834915504
        ],
        "NAS": [
            125.35431760890091,
            107.18631912571182,
            224.18626231858335
        ],
        "RPA": [
            58.24806682002361,
            141.00501235298012,
            133.2840214584569
        ]
    }
}
