{
    "AnatomicalLandmarkCoordinates": {
        "LPA": [
            206.5723455354618,
            160.41532592534753,
            118.18966197517905
        ],
        "NAS": [
            135.6279121550465,
            145.3881230149379,
            217.46015200520822
        ],
        "RPA": [
            53.55563496787835,
            162.74430823583992,
            129.59443119932095
        ]
    }
}
