{
    "AnatomicalLandmarkCoordinates": {
        "LPA": [
            209.8075395159703,
            157.72442832391098,
            132.37839083431018
        ],
        "NAS": [
            129.24139694189356,
            135.69853660993326,
            226.74363691853972
        ],
        "RPA": [
            56.26969487501309,
            168.83640496709032,
            128.9441360951878
        ]
    }
}
