{
    "AnatomicalLandmarkCoordinates": {
        "LPA": [
            203.06563890971688,
            158.4040545305392,
            137.74236642836703
        ],
        "NAS": [
            132.8622801355829,
            119.44106478445133,
            229.83046116816843
        ],
        "RPA": [
            54.035458427239305,
            161.43947544476492,
            145.00928105556542
        ]
    }
}
