{
    "AnatomicalLandmarkCoordinates": {
        "LPA": [
            198.12465915568572,
            157.9477394611136,
            132.6983138919314
        ],
        "NAS": [
            129.741958292657,
            134.3342749672944,
            222.24338487183996
        ],
        "RPA": [
            65.51345849978105,
            154.0864990529737,
            133.33517892677355
        ]
    }
}
