{
    "AnatomicalLandmarkCoordinates": {
        "LPA": [
            202.5653426856712,
            185.69775599522288,
            139.53218570121504
        ],
        "NAS": [
            129.1779470509191,
            142.3284135021766,
            228.46764941323386
        ],
        "RPA": [
            58.49738471216216,
            184.1937924417989,
            134.32394803615054
        ]
    }
}
