{
    "AnatomicalLandmarkCoordinates": {
        "LPA": [
            184.87152428044826,
            179.23357860003642,
            149.77728496192083
        ],
        "NAS": [
            120.3024451221334,
            139.72350391710128,
            222.21122444447883
        ],
        "RPA": [
            58.42752859401685,
            168.0241632416752,
            143.09743333899044
        ]
    }
}
