{
    "AnatomicalLandmarkCoordinates": {
        "LPA": [
            199.34715013917568,
            167.77176422185246,
            138.17137186156145
        ],
        "NAS": [
            122.0549713317953,
            120.18904792677733,
            220.04122177061527
        ],
        "RPA": [
            51.142435801580035,
            166.50324441349468,
            131.6489764357156
        ]
    }
}
