{
    "AnatomicalLandmarkCoordinates": {
        "LPA": [
            198.14124868570383,
            153.69323231905267,
            131.37821600805893
        ],
        "NAS": [
            126.87837068488855,
            125.53298857001342,
            215.89247234205783
        ],
        "RPA": [
            59.00124018083075,
            158.89196529523218,
            127.97144573224574
        ]
    }
}
