onset	duration	trial_type	value	sample
0.06166666666666667	0.0	blink	1	74
4.111666666666666	0.0	eyemoveHoriz	3	4934
8.160833333333333	0.0	eyemoveVert	4	9793
12.194166666666666	0.0	jawclench	5	14633
16.2275	0.0	swallow	6	19473
20.260833333333334	0.0	breath	2	24313
