{
    "AnatomicalLandmarkCoordinates": {
        "LPA": [
            204.0759902919316,
            163.55801998367323,
            138.4235525897842
        ],
        "NAS": [
            129.65839232021654,
            138.87243719885865,
            234.09195836108051
        ],
        "RPA": [
            58.54538889533501,
            165.1412266077362,
            137.40170884782307
        ]
    }
}
