{
    "AnatomicalLandmarkCoordinates": {
        "LPA": [
            195.76772361003688,
            162.32386168205892,
            143.7786974645442
        ],
        "NAS": [
            122.87903622146906,
            129.85385490505953,
            221.1337436685945
        ],
        "RPA": [
            59.4553159812111,
            165.78543793782654,
            135.6476026355005
        ]
    }
}
