{
    "AnatomicalLandmarkCoordinates": {
        "LPA": [
            201.31607810540515,
            173.89907822555912,
            143.5086783155608
        ],
        "NAS": [
            129.03234299864513,
            115.53264517189956,
            208.78079001443564
        ],
        "RPA": [
            56.79049834291786,
            171.4615282251977,
            144.8011728607184
        ]
    }
}
