{
    "AnatomicalLandmarkCoordinates": {
        "LPA": [
            200.5047591064623,
            153.46105306993502,
            138.7409693614668
        ],
        "NAS": [
            122.02183178479959,
            116.94156876289131,
            218.95746593999394
        ],
        "RPA": [
            48.56036701836034,
            150.5191604246712,
            127.21929445700195
        ]
    }
}
